{"ep_returns": 142.07883706024617, "_timestamp": 1717618740.751648, "_runtime": 27.172432899475098, "_step": 47000, "_wandb": {"runtime": 26}}